"Source:","/home/andrea/Dev/rpico_prj/abrd/abrd.kicad_sch"
"Date:","lun 8 mar 2021, 14:49:57"
"Tool:","Eeschema 5.99.0-unknown-b691c18bfc~117~ubuntu20.10.1"
"Generator:","/usr/share/kicad-nightly/plugins/bom_csv_grouped_by_value_with_fp.py"
"Component Count:","10"
"Ref","Qnty","Value","Cmp name","Footprint","Description","Vendor"
"BZ1, ","1","Buzzer","Buzzer","self_footprints:LD_BZEL_T32_0803_magnetic_transducer","Buzzer, polarized",""
"D1, ","1","D_Schottky_Small","D_Schottky_Small","Diode_SMD:D_SMA-SMB_Universal_Handsoldering","Schottky diode, small symbol",""
"J1, ","1","Conn_01x06_Male","Conn_01x06_Male","Connector_PinHeader_1.00mm:PinHeader_1x06_P1.00mm_Vertical","Generic connector, single row, 01x06, script generated (kicad-library-utils/schlib/autogen/connector/)",""
"L0, L1, L2, ","3","WS2812C-2020","WS2812B","LED_SMD:LED_WS2812B_PLCC4_5.0x5.0mm_P3.2mm","RGB LED with integrated controller",""
"Q1, ","1","2N7002AQ","2N7002H","Package_TO_SOT_SMD:SOT-23","0.21A Id, 60V Vds, N-Channel MOSFET, SOT-23",""
"R1, ","1","1Mohm","R_Small","Resistor_SMD:R_0603_1608Metric_Pad0.98x0.95mm_HandSolder","Resistor, small symbol",""
"R2, ","1","100ohm","R_Small","Resistor_SMD:R_0603_1608Metric_Pad0.98x0.95mm_HandSolder","Resistor, small symbol",""
"U1, ","1","74LVC1T45GW.125","SN74LVC1T45DCK","Package_TO_SOT_SMD:SOT-363_SC-70-6","Single-Bit Dual-Supply Bus Transceiver With Configurable Voltage Translation and 3-State Outputs, SOT-363",""
